{
    "intents": [
        {
            "tag": "greeting",
            "patterns": [
                "Hi",
                "Hello",
                "Hey",
                "Good day",
                "How are you?"
            ],
            "responses": [
                "Hello!",
                "Good to see you!",
                "Hi there, how can I help?"
            ],
            "context_set": ""
        },
        {
            "tag": "farewell",
            "patterns": [
                "Goodbye",
                "Bye",
                "See you later",
                "Talk to you later"
            ],
            "responses": [
                "Sad to see you go :(",
                "Goodbye!",
                "Come back soon!"
            ],
            "context_set": ""
        },
        {
            "tag": "creator",
            "patterns": [
                "Who created you?",
                "Who is your developer?",
                "Who made you?"
            ],
            "responses": [
                "I was created by  Ahtisham."
            ],
            "context_set": ""
        },
        {
            "tag": "identity",
            "patterns": [
                "What is your name?",
                "What should I call you?",
                "Who are you?"
            ],
            "responses": [
                "You can call me Helping desk. I'm a Chatbot."
            ],
            "context_set": ""
        },
        {
            "tag": "hours",
            "patterns": [
                "What are the institute timings?",
                "When is the institute open?",
                "What are your hours of operation?"
            ],
            "responses": [
                "The institute is open from 10am to 6pm, Monday to Saturday."
            ],
            "context_set": ""
        },
        {
            "tag": "contact",
            "patterns": [
                "How can I contact the institute?",
                "What is the institute telephone number?",
                "Can I get your contact number?"
            ],
            "responses": [
                "You can contact the institute at 123456789."
            ],
            "context_set": ""
        },
        {
            "tag": "courses",
            "patterns": [
                "What courses are offered in the institute?",
                "Can you tell me about the available courses?",
                "What are the branches in the institute?"
            ],
            "responses": [
                "The institute offers courses in Information Technology, Computer Engineering, Mechanical Engineering, Chemical Engineering, Electrical Engineering and Civil Engineering."
            ],
            "context_set": ""
        },
        {
            "tag": "fees",
            "patterns": [
                "How much is the institute fee?",
                "Tell me about the fees",
                "What are the hostel fees?"
            ],
            "responses": [
                "For detailed fee information, please visit our institute website."
            ],
            "context_set": ""
        },
        {
            "tag": "location",
            "patterns": [
                "Where is the institute located?",
                "What is the institute address?",
                "How can I reach the institute?"
            ],
            "responses": [
                "The institute is located at [insert address]. You can find the location on Google Maps."
            ],
            "context_set": ""
        },
        {
            "tag": "hostel",
            "patterns": [
                "Does the institute provide hostel facilities?",
                "Where is the hostel located?",
                "What are the hostel fees?"
            ],
            "responses": [
                "For detailed information about the hostel, please visit our institute website."
            ],
            "context_set": ""
        },
        {
            "tag": "events",
            "patterns": [
                "What events are organized in the institute?",
                "Are there any upcoming events?",
                "Tell me about the institute events."
            ],
            "responses": [
                "For information about the events, please visit our institute website."
            ],
            "context_set": ""
        },
        {
            "tag": "admission",
            "patterns": [
                "What is the admission process?",
                "How can I take admission in the institute?",
                "Tell me about the admission criteria."
            ],
            "responses": [
                "For detailed admission information, please visit our institute website."
            ],
            "context_set": ""
        },
        {
            "tag": "library",
            "patterns": [
                "Does the institute have a library?",
                "Where is the library located?",
                "What are the library timings?"
            ],
            "responses": [
                "Yes, the institute has a library. The library is located [insert location]. The timings are from 10am to 6pm, Monday to Friday."
            ],
            "context_set": ""
        },
        {
            "tag": "facilities",
            "patterns": [
                "What facilities are available in the institute?",
                "Tell me about the institute facilities.",
                "Do you have a sports complex?"
            ],
            "responses": [
                "The institute provides various facilities including a sports complex, labs, cafeteria, and a library."
            ],
            "context_set": ""
        },
        {
            "tag": "placement",
            "patterns": [
                "How are the placements in the institute?",
                "Tell me about the institute placements.",
                "What is the placement record?"
            ],
            "responses": [
                "The institute has a good placement record. Many reputed companies visit our campus for recruitment."
            ],
            "context_set": ""
        },
        {
            "tag": "school_choice",
            "patterns": [
                "Why did you choose this institute?",
                "What made you decide to attend this institute?"
            ],
            "responses": [
                "I chose this institute because of its strong academic reputation, excellent faculty, and a wide range of courses offered."
            ],
            "context_set": ""
        },
        {
            "tag": "happiness",
            "patterns": [
                "Are you happy here?",
                "Do you enjoy being at this institute?"
            ],
            "responses": [
                "As an AI, I don't have emotions, but I'm here to assist and provide information about the institute."
            ],
            "context_set": ""
        },
        {
            "tag": "strengths",
            "patterns": [
                "What are your school's strengths?",
                "What makes your institute stand out?"
            ],
            "responses": [
                "Our institute excels in providing quality education, fostering a supportive learning environment, and offering a wide range of extracurricular activities."
            ],
            "context_set": ""
        },
        {
            "tag": "complaints",
            "patterns": [
                "What's your #1 complaint about your school?",
                "What do you think needs improvement in your institute?"
            ],
            "responses": [
                "While my purpose is to provide information, some students may have different opinions. It's always good to provide feedback for continuous improvement."
            ],
            "context_set": ""
        },
        {
            "tag": "improvements",
            "patterns": [
                "What else could stand to be improved?",
                "In which areas do you think your institute can improve?"
            ],
            "responses": [
                "Continuous improvement is essential for any institution. Areas that can be considered for improvement include infrastructure, facilities, and student support services."
            ],
            "context_set": ""
        },
        {
            "tag": "accessibility",
            "patterns": [
                "How accessible are administrators, registrars, financial aid officers, etc.?",
                "Can students easily reach out to institute staff when needed?"
            ],
            "responses": [
                "The institute administration strives to maintain accessibility for students. Office hours and contact information for various staff members are available for student assistance."
            ],
            "context_set": ""
        },
        {
            "tag": "academics_majors",
            "patterns": [
                "What majors are popular?",
                "Which fields of study have a high enrollment?",
                "What are the most sought-after majors in your institute?"
            ],
            "responses": [
                "Popular majors in our institute include Computer Science, Business Administration, Psychology, Engineering, and Biology."
            ],
            "context_set": ""
        },
        {
            "tag": "academics_reputation",
            "patterns": [
                "What departments or programs have the best reputations?",
                "Which academic programs are well-regarded?",
                "Are there any standout departments in your institute?"
            ],
            "responses": [
                "Our institute has well-regarded departments in Computer Science, Engineering, and Business Administration. These programs have a strong reputation for academic excellence."
            ],
            "context_set": ""
        },
        {
            "tag": "favorite_class",
            "patterns": [
                "What's your favorite class?",
                "Which class do you enjoy the most?",
                "Do you have a favorite subject?"
            ],
            "responses": [
                "As an AI, I don't have personal preferences. However, students often enjoy classes that align with their interests and career goals."
            ],
            "context_set": ""
        },
        {
            "tag": "professors_teachers",
            "patterns": [
                "Are your professors good teachers?",
                "How is the quality of teaching at your institute?",
                "Do you have experienced faculty?"
            ],
            "responses": [
                "Our institute prides itself on having experienced and dedicated faculty members who are committed to providing quality education."
            ],
            "context_set": ""
        },
        {
            "tag": "professors_office_hours",
            "patterns": [
                "Do your professors hold office hours, and will they meet with you outside of class?",
                "Are professors available for one-on-one meetings?",
                "Can students easily meet with professors?"
            ],
            "responses": [
                "Most professors at our institute hold regular office hours and are available for one-on-one meetings to address student queries and provide additional guidance."
            ],
            "context_set": ""
        },
        {
            "tag": "professors_vs_TAs",
            "patterns": [
                "Are most of your classes taught by professors or teaching assistants?",
                "Who primarily teaches the classes?",
                "Do you have a lot of classes taught by TAs?"
            ],
            "responses": [
                "The majority of classes at our institute are taught by professors. However, in some cases, teaching assistants may assist with course instruction or hold discussion sessions."
            ],
            "context_set": ""
        },
        {
            "tag": "first_choice_classes",
            "patterns": [
                "Were you able to take most of your first-choice classes?",
                "Do students generally get their preferred classes?",
                "How likely are you to get into your desired classes?"
            ],
            "responses": [
                "While course availability can vary, our institute aims to accommodate students' preferences as much as possible. Course registration is conducted on a first-come, first-served basis."
            ],
            "context_set": ""
        },
        {
            "tag": "class_format",
            "patterns": [
                "Are your classes lecture-based or discussion-based?",
                "How are the classes structured?",
                "What's the typical format of a class?"
            ],
            "responses": [
                "The class format can vary depending on the subject and the instructor's teaching style. Some classes may be lecture-based, while others may involve more interactive discussions and group activities."
            ],
            "context_set": ""
        },
        {
            "tag": "reading_writing",
            "patterns": [
                "How much reading and writing is required in your courses?",
                "Are there a lot of assignments involving reading and writing?",
                "Is there a heavy emphasis on written work?"
            ],
            "responses": [
                "The amount of reading and writing required in courses can vary. Generally, students can expect a balanced mix of reading assignments, written projects, and exams."
            ],
            "context_set": ""
        },
        {
            "tag": "collaborative_work",
            "patterns": [
                "How often are collaborative work or group presentations required?",
                "Do you have a lot of group projects?",
                "Is there an emphasis on teamwork?"
            ],
            "responses": [
                "Collaborative work and group presentations are part of the learning experience at our institute. Students often engage in group projects to enhance teamwork and develop important skills."
            ],
            "context_set": ""
        },
        {
            "tag": "academic_advising",
            "patterns": [
                "How satisfied are you with academic advising?",
                "Is the academic advising program helpful?",
                "Do advisors provide guidance for course selection?"
            ],
            "responses": [
                "Academic advising plays a crucial role in guiding students' academic journeys. Our institute has dedicated advisors who provide assistance with course selection, degree planning, and academic support."
            ],
            "context_set": ""
        },
        {
            "tag": "tutoring_programs",
            "patterns": [
                "Do students use any on-campus tutoring programs or writing centers?",
                "Are there resources available for academic support?",
                "How can I get tutoring assistance?"
            ],
            "responses": [
                "Our institute provides on-campus tutoring programs and writing centers to support students in their academic endeavors. These resources can help students with subject-specific assistance and writing skills."
            ],
            "context_set": ""
        },
        {
            "tag": "class_size",
            "patterns": [
                "How big are your classes?",
                "Are the class sizes large or small?",
                "Do you have small class sizes?"
            ],
            "responses": [
                "Class sizes can vary depending on the course and program. While some classes may have a larger enrollment, others, especially upper-level courses, tend to have smaller class sizes for more personalized attention."
            ],
            "context_set": ""
        },
        {
            "tag": "independent_study",
            "patterns": [
                "Does your major require an independent study or capstone project?",
                "Are there opportunities for independent research?",
                "Is there a culminating project for your major?"
            ],
            "responses": [
                "Many majors at our institute offer opportunities for independent study or capstone projects. These experiences allow students to delve deeper into their fields of interest and apply their knowledge."
            ],
            "context_set": ""
        },
        {
            "tag": "professor_research",
            "patterns": [
                "Are professors available for research with students?",
                "Can students engage in research projects with faculty?",
                "How can I get involved in research at your institute?"
            ],
            "responses": [
                "Faculty members at our institute actively engage in research, and students often have opportunities to collaborate on research projects. You can reach out to professors in your field of interest to inquire about research opportunities."
            ],
            "context_set": ""
        },
        {
            "tag": "study_abroad",
            "patterns": [
                "Is it popular to study abroad?",
                "Are there study abroad programs available?",
                "Can students spend a semester abroad?"
            ],
            "responses": [
                "Studying abroad is a popular option for many students at our institute. We offer various study abroad programs and opportunities to experience different cultures and gain international exposure."
            ],
            "context_set": ""
        },
        {
            "tag": "first_year_experience",
            "patterns": [
                "What's it like to be a first-year student here?",
                "Can you describe the first-year experience?",
                "What should I expect as a freshman?"
            ],
            "responses": [
                "As a first-year student, you can expect a supportive and welcoming environment. Orientation programs, peer mentoring, and academic support services are available to help you transition smoothly into institute life."
            ],
            "context_set": ""
        },
        {
            "tag": "typical_day",
            "patterns": [
                "What's a typical day like?",
                "Can you describe a day in the life of a student?",
                "What's the daily routine at your institute?"
            ],
            "responses": [
                "A typical day as a student involves attending classes, engaging in study sessions, participating in extracurricular activities, and utilizing campus resources. Each student's daily routine may vary based on their schedule and interests."
            ],
            "context_set": ""
        },
        {
            "tag": "study_time",
            "patterns": [
                "How much time do students spend studying per week?",
                "Is there a lot of studying required?",
                "What's the average study time for students?"
            ],
            "responses": [
                "The amount of time students spend studying can vary depending on their course load, study habits, and personal preferences. On average, students dedicate several hours per week to studying."
            ],
            "context_set": ""
        },
        {
            "tag": "non_class_activities",
            "patterns": [
                "What do you do when you're not in class?",
                "How do students spend their free time?",
                "Are there activities to do outside of class?"
            ],
            "responses": [
                "Outside of class, students engage in various activities such as participating in clubs and organizations, attending campus events, exploring the surrounding community, and spending time with friends."
            ],
            "context_set": ""
        },
        {
            "tag": "weekend_activities",
            "patterns": [
                "What do you do on the weekends?",
                "Are there weekend activities or events?",
                "How do students spend their weekends?"
            ],
            "responses": [
                "On weekends, students often take part in campus events, recreational activities, social gatherings, and may also use the time for relaxation and personal pursuits."
            ],
            "context_set": ""
        },
        {
            "tag": "social_scene",
            "patterns": [
                "What is the social scene like?",
                "How would you describe the social life on campus?",
                "Are there opportunities to meet new people?"
            ],
            "responses": [
                "The social scene on campus is vibrant and diverse. There are plenty of opportunities to meet new people, join clubs and organizations, attend social events, and build lifelong friendships."
            ],
            "context_set": ""
        },
        {
            "tag": "hometown_activities",
            "patterns": [
                "What kinds of things are there to do in your school's hometown?",
                "Are there recreational activities in the local area?",
                "What are some popular attractions near the institute?"
            ],
            "responses": [
                "Our school's hometown offers a range of recreational activities, cultural events, shopping centers, restaurants, and natural attractions. You can explore local parks, museums, theaters, and enjoy the local cuisine."
            ],
            "context_set": ""
        },
        {
            "tag": "food",
            "patterns": [
                "How's the food?",
                "What is the quality of the food on campus?",
                "Are there good dining options?"
            ],
            "responses": [
                "The institute provides a variety of dining options on campus, including cafeterias, food courts, and specialty restaurants. The quality of food is generally satisfactory, with options to cater to different dietary preferences."
            ],
            "context_set": ""
        },
        {
            "tag": "on_campus_housing",
            "patterns": [
                "Do most students live on-campus?",
                "Are there on-campus housing options?",
                "What percentage of students live in dorms?"
            ],
            "responses": [
                "While the availability of on-campus housing may vary, many students choose to live in dorms or residence halls provided by the institute. Off-campus housing options are also available for students."
            ],
            "context_set": ""
        },
        {
            "tag": "dorm_quality",
            "patterns": [
                "How are the dorms?",
                "Are the dormitories comfortable?",
                "What's the quality of on-campus housing?"
            ],
            "responses": [
                "The quality of dormitories varies based on the specific residence halls. Generally, the institute strives to provide comfortable and convenient living spaces with amenities that cater to students' needs."
            ],
            "context_set": ""
        },
        {
            "tag": "popular_clubs",
            "patterns": [
                "Which clubs and student organizations are popular?",
                "Are there any standout clubs on campus?",
                "What are some of the most active student organizations?"
            ],
            "responses": [
                "Our institute has a wide range of clubs and student organizations catering to diverse interests. Popular clubs include academic organizations, cultural clubs, sports teams, community service groups, and more."
            ],
            "context_set": ""
        },
        {
            "tag": "fraternities_sororities",
            "patterns": [
                "Do lots of students belong to fraternities or sororities?",
                "Are there many Greek organizations on campus?",
                "What's the Greek life like at your institute?"
            ],
            "responses": [
                "While the presence and prominence of fraternities and sororities can vary among institutes, our institute does have a Greek life community. Participation in these organizations is a personal choice for interested students."
            ],
            "context_set": ""
        },
        {
            "tag": "favorite_place_on_campus",
            "patterns": [
                "What's your favorite place on campus?",
                "Which location do you enjoy the most?",
                "Where do students like to hang out?"
            ],
            "responses": [
                "As an AI, I don't have personal preferences. However, many students enjoy spending time in common areas, libraries, student centers, outdoor spaces, and campus cafeterias."
            ],
            "context_set": ""
        },
        {
            "tag": "study_locations",
            "patterns": [
                "Where do you like to study?",
                "What are some good study spots?",
                "Are there quiet places to study on campus?"
            ],
            "responses": [
                "There are several study spots on campus, including libraries, study lounges, coffee shops, and outdoor seating areas. It's important to find a location that suits your study preferences and helps you focus."
            ],
            "context_set": ""
        },
        {
            "tag": "campus_facilities",
            "patterns": [
                "What are the facilities like (science labs, libraries, theaters, gyms, etc.)?",
                "Are the campus facilities well-maintained?",
                "Does the institute have modern facilities?"
            ],
            "responses": [
                "Our institute prides itself on maintaining well-equipped facilities to support students' academic and extracurricular activities. This includes modern science labs, libraries with extensive resources, theaters, and well-equipped gyms."
            ],
            "context_set": ""
        },
        {
            "tag": "computer_labs",
            "patterns": [
                "Are there enough computer labs?",
                "How accessible are the computer labs?",
                "Is there a shortage of computer lab facilities?"
            ],
            "responses": [
                "Our institute provides an ample number of computer labs across campus. These labs are accessible to students and equipped with the necessary technology and software needed for academic work."
            ],
            "context_set": ""
        },
        {
            "tag": "campus_wifi",
            "patterns": [
                "How is the WiFi on campus?",
                "Is the campus WiFi reliable?",
                "Are there any connectivity issues with the WiFi?"
            ],
            "responses": [
                "The campus WiFi network is designed to provide reliable internet connectivity to students, faculty, and staff. However, occasional connectivity issues may arise, which are usually promptly addressed by the IT department."
            ],
            "context_set": ""
        },
        {
            "tag": "campus_navigation",
            "patterns": [
                "Is it easy to get around campus?",
                "Are the campus buildings easy to navigate?",
                "Is the campus layout student-friendly?"
            ],
            "responses": [
                "The campus is designed to be student-friendly, and campus buildings are typically well-marked and easy to navigate. Campus maps, signage, and digital resources are available to help students find their way around."
            ],
            "context_set": ""
        },
        {
            "tag": "sports_popularity",
            "patterns": [
                "Are sports popular?",
                "Do many students participate in sports?",
                "What's the athletic culture like at your institute?"
            ],
            "responses": [
                "Sports are popular at our institute, and many students participate in various athletic activities. We have a range of sports teams, intramural sports, and fitness programs to cater to different interests and skill levels."
            ],
            "context_set": ""
        },
        {
            "tag": "school_spirit",
            "patterns": [
                "Is there a lot of school spirit?",
                "Do students show a strong sense of school pride?",
                "Are there spirited events or traditions?"
            ],
            "responses": [
                "Our institute has a vibrant school spirit, and students often show a strong sense of pride in their institution. There are spirited events, traditions, and opportunities to engage with the institute community and showcase school pride."
            ],
            "context_set": ""
        },
        {
            "tag": "fellow_students",
            "patterns": [
                "How would you describe your fellow students?",
                "What are the students like?",
                "Is there a sense of community among students?"
            ],
            "responses": [
                "The student body is diverse and inclusive, with individuals from various backgrounds, interests, and experiences. Students generally foster a sense of community and support each other's academic and personal growth."
            ],
            "context_set": ""
        },
        {
            "tag": "friendly_students",
            "patterns": [
                "Are the students here friendly?",
                "Is it easy to make friends?",
                "Do students interact with each other?"
            ],
            "responses": [
                "Yes, the students here are generally friendly and welcoming. The institute environment provides ample opportunities to meet new people, make friends, and form meaningful connections both inside and outside the classroom."
            ],
            "context_set": ""
        },
        {
            "tag": "student_body_unique",
            "patterns": [
                "What makes the student body unique?",
                "Is there anything special about the student population?",
                "What sets the students apart at your institute?"
            ],
            "responses": [
                "The student body at our institute is unique in its diversity of backgrounds, perspectives, talents, and passions. This diversity fosters a rich learning environment and encourages students to embrace different cultures and viewpoints."
            ],
            "context_set": ""
        },
        {
            "tag": "campus_diversity",
            "patterns": [
                "Is there diversity on campus?",
                "Are there students from different cultural backgrounds?",
                "Does the institute promote diversity and inclusion?"
            ],
            "responses": [
                "Yes, our institute values diversity and strives to create an inclusive campus community. Students from different cultural backgrounds, ethnicities, and countries contribute to the diverse fabric of our institute community."
            ],
            "context_set": ""
        },
        {
            "tag": "international_students",
            "patterns": [
                "Are there many students from other countries?",
                "Do you have a significant international student population?",
                "How diverse is the international representation at your institute?"
            ],
            "responses": [
                "Our institute welcomes students from around the world, and we have a diverse international student population. International students contribute to the cultural exchange and global perspectives within the institute community."
            ],
            "context_set": ""
        },
        {
            "tag": "interactions_among_students",
            "patterns": [
                "Do students of different races and classes interact easily?",
                "Is there interaction and socialization among diverse groups?",
                "Do students embrace diversity and engage in cross-cultural interactions?"
            ],
            "responses": [
                "Students at our institute have opportunities to interact and socialize with peers from different races, classes, and cultural backgrounds. The institute promotes a welcoming and inclusive environment that encourages cross-cultural interactions and understanding."
            ],
            "context_set": ""
        },
        {
            "tag": "student_cliques",
            "patterns": [
                "Are students cliquish?",
                "Is there a presence of cliques on campus?",
                "Do students segregate into exclusive groups?"
            ],
            "responses": [
                "While some social groups may naturally form based on shared interests and affiliations, our institute encourages inclusivity and fosters an environment where students from different backgrounds can mingle and form connections beyond cliques."
            ],
            "context_set": ""
        },
        {
            "tag": "internship_opportunities",
            "patterns": [
                "Are internships available? How do you find them?",
                "What internship opportunities are there?",
                "How does the institute support students in finding internships?"
            ],
            "responses": [
                "Internship opportunities are available for students, and the institute often provides resources and support to help students find and secure internships. The institute's career services office and faculty advisors can offer guidance in exploring and applying for internships."
            ],
            "context_set": ""
        },
        {
            "tag": "career_services",
            "patterns": [
                "Is Career Services helpful?",
                "What services does the career center provide?",
                "How effective is the institute's career guidance?"
            ],
            "responses": [
                "Career Services at our institute offers various resources and assistance to help students with career exploration, resume building, job search strategies, interview preparation, and more. Many students find the career guidance helpful in their professional development."
            ],
            "context_set": ""
        },
        {
            "tag": "mentorship_program",
            "patterns": [
                "Do you have a mentor?",
                "Is there a mentorship program?",
                "How can students connect with mentors?"
            ],
            "responses": [
                "Our institute may have a mentorship program or opportunities for students to connect with mentors. These programs facilitate valuable guidance and support from experienced individuals who can provide insights and advice on academic and career paths."
            ],
            "context_set": ""
        },
        {
            "tag": "co-op_program",
            "patterns": [
                "Does your school have a co-op program?",
                "Are there cooperative education opportunities?",
                "How does the institute support students in co-op experiences?"
            ],
            "responses": [
                "Some institutes offer co-op programs where students can gain practical work experience related to their field of study while earning academic credit. If our institute has a co-op program, students can explore such opportunities with the support of the institute's career services or cooperative education office."
            ],
            "context_set": ""
        },
        {
            "tag": "leadership_opportunities",
            "patterns": [
                "What options exist for leadership skills on campus?",
                "Are there leadership programs or positions?",
                "How can students develop leadership skills?"
            ],
            "responses": [
                "Our institute offers various opportunities for students to develop leadership skills. Students can join student government, clubs, or organizations that provide leadership positions, participate in leadership workshops or programs, and engage in community service to foster leadership qualities."
            ],
            "context_set": ""
        },
        {
            "tag": "service_learning",
            "patterns": [
                "What options exist for service learning in the community?",
                "Are there community service programs?",
                "How can students get involved in community service?"
            ],
            "responses": [
                "Our institute often encourages service learning and community engagement. Students can get involved in community service programs, volunteer with local organizations, participate in service-learning courses, or join campus initiatives dedicated to making a positive impact in the community."
            ],
            "context_set": ""
        },
        {
            "tag": "employer_recruitment",
            "patterns": [
                "Do employers recruit students on campus?",
                "Are there career fairs or job fairs?",
                "How does the institute connect students with potential employers?"
            ],
            "responses": [
                "Employer recruitment is a common practice at many institutes. Career fairs, job fairs, and networking events are organized to connect students with potential employers. The institute's career services office often plays a role in facilitating these connections."
            ],
            "context_set": ""
        },
        {
            "tag": "summer_jobs",
            "patterns": [
                "How easy is it to find summer jobs and other kinds of work through your school?",
                "Are there resources for finding summer employment?",
                "Does the institute assist with summer job opportunities?"
            ],
            "responses": [
                "Our institute may provide resources and support to help students find summer jobs and other types of employment. The career services office, online job boards, and networking events can be valuable in exploring and securing summer job opportunities."
            ],
            "context_set": ""
        },
        {
            "tag": "notable_graduates",
            "patterns": [
                "Who are some of the notable graduates from your institute?",
                "Can you mention any famous alumni?",
                "Which successful individuals attended your institute?"
            ],
            "responses": [
                "Our institute has a distinguished list of notable graduates and successful alumni in various fields. Some may include renowned professionals, entrepreneurs, artists, scientists, and leaders who have made significant contributions to their respective fields."
            ],
            "context_set": ""
        },
        {
            "tag": "alumni_association",
            "patterns": [
                "How visible is your school's alumni association on campus?",
                "Does the institute have an active alumni network?",
                "Are there opportunities to connect with alumni?"
            ],
            "responses": [
                "Many institutes have active alumni associations that offer networking opportunities, mentorship programs, and career support for current students. The visibility and engagement of the alumni association can vary, but efforts are often made to connect students with alumni."
            ],
            "context_set": ""
        },
        {
            "tag": "hands-on_experiences",
            "patterns": [
                "What kinds of hands-on or practical experiences have you had in and outside of the classroom?",
                "Are there opportunities for practical learning?",
                "How does the institute emphasize experiential learning?"
            ],
            "responses": [
                "Colleges often provide opportunities for hands-on and practical experiences both inside and outside the classroom. These may include internships, research projects, fieldwork, service-learning, study abroad programs, and collaborative projects that enhance the learning process and offer real-world application of knowledge."
            ],
            "context_set": ""
        }
    ]
}